period,year,month,view,band,demand_count,zone_hour_records,avg_demand_per_zone_hour
2021-01,2021,1,Precipitation band,0.5 to 2 mm,2937,2059,1.426420592520641
2021-01,2021,1,Precipitation band,2 to 10 mm,1063,734,1.4482288828337875
2021-01,2021,1,Precipitation band,No measured precipitation,15408,10435,1.4765692381408722
2021-01,2021,1,Precipitation band,Trace to 0.5 mm,4452,3081,1.4449853943524829
2021-01,2021,1,Temperature band,0 to 5 C,6146,4348,1.4135234590616375
2021-01,2021,1,Temperature band,10 to 15 C,1180,746,1.581769436997319
2021-01,2021,1,Temperature band,5 to 10 C,16503,11202,1.4732190680235673
2021-01,2021,1,Temperature band,Below 0 C,31,13,2.3846153846153846
2021-02,2021,2,Precipitation band,0.5 to 2 mm,2807,1963,1.4299541518084564
2021-02,2021,2,Precipitation band,2 to 10 mm,112,77,1.4545454545454546
2021-02,2021,2,Precipitation band,No measured precipitation,12542,8440,1.4860189573459717
2021-02,2021,2,Precipitation band,Trace to 0.5 mm,6081,4219,1.4413368096705381
2021-02,2021,2,Temperature band,0 to 5 C,7707,5361,1.437604924454393
2021-02,2021,2,Temperature band,10 to 15 C,336,208,1.6153846153846154
2021-02,2021,2,Temperature band,5 to 10 C,12185,8150,1.4950920245398773
2021-02,2021,2,Temperature band,Below 0 C,1314,980,1.3408163265306123
2021-03,2021,3,Precipitation band,0.5 to 2 mm,1427,972,1.4681069958847737
2021-03,2021,3,Precipitation band,2 to 10 mm,136,94,1.446808510638298
2021-03,2021,3,Precipitation band,No measured precipitation,18440,12421,1.484582561790516
2021-03,2021,3,Precipitation band,Trace to 0.5 mm,4654,3129,1.4873761585170981
2021-03,2021,3,Temperature band,0 to 5 C,5924,4136,1.432301740812379
2021-03,2021,3,Temperature band,10 to 15 C,3411,2229,1.5302826379542396
2021-03,2021,3,Temperature band,5 to 10 C,15304,10237,1.4949692292663865
2021-03,2021,3,Temperature band,Below 0 C,18,14,1.2857142857142858
2021-04,2021,4,Precipitation band,0.5 to 2 mm,628,426,1.4741784037558685
2021-04,2021,4,Precipitation band,2 to 10 mm,47,35,1.3428571428571427
2021-04,2021,4,Precipitation band,No measured precipitation,21433,14324,1.4962999162245183
2021-04,2021,4,Precipitation band,Trace to 0.5 mm,2207,1508,1.4635278514588859
2021-04,2021,4,Temperature band,0 to 5 C,1976,1452,1.3608815426997245
2021-04,2021,4,Temperature band,10 to 15 C,7979,5231,1.5253297648633148
2021-04,2021,4,Temperature band,15 to 20 C,3218,2054,1.566699123661149
2021-04,2021,4,Temperature band,20 to 25 C,1133,673,1.6835066864784547
2021-04,2021,4,Temperature band,5 to 10 C,10009,6883,1.4541624291733255
2021-05,2021,5,Precipitation band,0.5 to 2 mm,619,409,1.5134474327628362
2021-05,2021,5,Precipitation band,No measured precipitation,21796,14531,1.4999655908058633
2021-05,2021,5,Precipitation band,Trace to 0.5 mm,2990,2049,1.4592484138604198
2021-05,2021,5,Temperature band,10 to 15 C,13107,8795,1.4902785673678227
2021-05,2021,5,Temperature band,15 to 20 C,6953,4421,1.5727211038226645
2021-05,2021,5,Temperature band,20 to 25 C,791,471,1.6794055201698515
2021-05,2021,5,Temperature band,5 to 10 C,4554,3302,1.3791641429436705
2021-06,2021,6,Precipitation band,0.5 to 2 mm,781,544,1.4356617647058822
2021-06,2021,6,Precipitation band,2 to 10 mm,171,124,1.3790322580645162
2021-06,2021,6,Precipitation band,No measured precipitation,22073,14806,1.4908145346481156
2021-06,2021,6,Precipitation band,Trace to 0.5 mm,2756,1820,1.5142857142857142
2021-06,2021,6,Temperature band,10 to 15 C,6544,4626,1.414613056636403
2021-06,2021,6,Temperature band,15 to 20 C,9803,6485,1.5116422513492676
2021-06,2021,6,Temperature band,20 to 25 C,5037,3274,1.5384850335980451
2021-06,2021,6,Temperature band,25+ C,3797,2452,1.548531810766721
2021-06,2021,6,Temperature band,5 to 10 C,600,457,1.312910284463895
2021-07,2021,7,Precipitation band,No measured precipitation,26781,17507,1.5297309647569544
2021-07,2021,7,Precipitation band,Trace to 0.5 mm,953,606,1.5726072607260726
2021-07,2021,7,Temperature band,10 to 15 C,1308,929,1.4079655543595264
2021-07,2021,7,Temperature band,15 to 20 C,12805,8624,1.4848098330241188
2021-07,2021,7,Temperature band,20 to 25 C,10010,6324,1.5828589500316255
2021-07,2021,7,Temperature band,25+ C,3611,2236,1.614937388193202
2021-08,2021,8,Precipitation band,0.5 to 2 mm,302,203,1.4876847290640394
2021-08,2021,8,Precipitation band,No measured precipitation,24977,16452,1.5181740821784586
2021-08,2021,8,Precipitation band,Trace to 0.5 mm,1941,1298,1.49537750385208
2021-08,2021,8,Temperature band,10 to 15 C,3287,2357,1.3945693678404751
2021-08,2021,8,Temperature band,15 to 20 C,12347,8301,1.487411155282496
2021-08,2021,8,Temperature band,20 to 25 C,7809,4906,1.5917244190786792
2021-08,2021,8,Temperature band,25+ C,3777,2389,1.5809962327333613
2021-09,2021,9,Precipitation band,0.5 to 2 mm,1311,852,1.5387323943661972
2021-09,2021,9,Precipitation band,2 to 10 mm,290,197,1.4720812182741116
2021-09,2021,9,Precipitation band,No measured precipitation,22057,14368,1.5351475501113585
2021-09,2021,9,Precipitation band,Trace to 0.5 mm,3760,2505,1.5009980039920159
2021-09,2021,9,Temperature band,10 to 15 C,10843,7366,1.4720336682052675
2021-09,2021,9,Temperature band,15 to 20 C,12490,8005,1.5602748282323549
2021-09,2021,9,Temperature band,20 to 25 C,3444,2143,1.6070928604759682
2021-09,2021,9,Temperature band,25+ C,479,287,1.6689895470383276
2021-09,2021,9,Temperature band,5 to 10 C,162,121,1.3388429752066116
2021-10,2021,10,Precipitation band,0.5 to 2 mm,2469,1616,1.5278465346534653
2021-10,2021,10,Precipitation band,2 to 10 mm,797,525,1.5180952380952382
2021-10,2021,10,Precipitation band,No measured precipitation,18658,12157,1.5347536398782595
2021-10,2021,10,Precipitation band,Trace to 0.5 mm,5902,3906,1.5110087045570917
2021-10,2021,10,Temperature band,0 to 5 C,359,251,1.4302788844621515
2021-10,2021,10,Temperature band,10 to 15 C,18813,12250,1.5357551020408162
2021-10,2021,10,Temperature band,15 to 20 C,1694,1038,1.6319845857418112
2021-10,2021,10,Temperature band,5 to 10 C,6960,4665,1.4919614147909968
2021-11,2021,11,Precipitation band,0.5 to 2 mm,3675,2506,1.4664804469273742
2021-11,2021,11,Precipitation band,2 to 10 mm,1260,863,1.4600231749710313
2021-11,2021,11,Precipitation band,No measured precipitation,14817,9925,1.492896725440806
2021-11,2021,11,Precipitation band,Trace to 0.5 mm,5077,3446,1.4733023795705165
2021-11,2021,11,Temperature band,0 to 5 C,1741,1213,1.4352844187963727
2021-11,2021,11,Temperature band,10 to 15 C,8630,5737,1.5042705246644588
2021-11,2021,11,Temperature band,15 to 20 C,42,28,1.5
2021-11,2021,11,Temperature band,5 to 10 C,14416,9762,1.4767465683261627
2021-12,2021,12,Precipitation band,0.5 to 2 mm,2431,1660,1.4644578313253012
2021-12,2021,12,Precipitation band,2 to 10 mm,477,327,1.4587155963302751
2021-12,2021,12,Precipitation band,No measured precipitation,15332,10595,1.4470976875884851
2021-12,2021,12,Precipitation band,Trace to 0.5 mm,5862,4018,1.458934793429567
2021-12,2021,12,Temperature band,0 to 5 C,10397,7273,1.429533892479032
2021-12,2021,12,Temperature band,10 to 15 C,954,629,1.5166931637519874
2021-12,2021,12,Temperature band,5 to 10 C,9319,6222,1.497749919639987
2021-12,2021,12,Temperature band,Below 0 C,3432,2476,1.3861066235864297
2022-01,2022,1,Precipitation band,0.5 to 2 mm,1839,1297,1.417887432536623
2022-01,2022,1,Precipitation band,2 to 10 mm,1032,732,1.4098360655737705
2022-01,2022,1,Precipitation band,No measured precipitation,18180,12629,1.439543906880988
2022-01,2022,1,Precipitation band,Trace to 0.5 mm,2832,1943,1.4575398867730314
2022-01,2022,1,Temperature band,0 to 5 C,10769,7581,1.420524996702282
2022-01,2022,1,Temperature band,10 to 15 C,1475,1025,1.4390243902439024
2022-01,2022,1,Temperature band,5 to 10 C,9880,6773,1.4587332053742803
2022-01,2022,1,Temperature band,Below 0 C,1759,1222,1.439443535188216
2022-02,2022,2,Precipitation band,0.5 to 2 mm,1317,892,1.4764573991031391
2022-02,2022,2,Precipitation band,2 to 10 mm,388,274,1.416058394160584
2022-02,2022,2,Precipitation band,No measured precipitation,17925,12225,1.4662576687116564
2022-02,2022,2,Precipitation band,Trace to 0.5 mm,3014,2074,1.4532304725168756
2022-02,2022,2,Temperature band,0 to 5 C,7716,5344,1.4438622754491017
2022-02,2022,2,Temperature band,10 to 15 C,781,525,1.4876190476190476
2022-02,2022,2,Temperature band,5 to 10 C,12673,8544,1.4832631086142323
2022-02,2022,2,Temperature band,Below 0 C,1474,1052,1.4011406844106464
2022-03,2022,3,Precipitation band,0.5 to 2 mm,1380,909,1.518151815181518
2022-03,2022,3,Precipitation band,2 to 10 mm,192,128,1.5
2022-03,2022,3,Precipitation band,No measured precipitation,19306,12680,1.5225552050473186
2022-03,2022,3,Precipitation band,Trace to 0.5 mm,5660,3702,1.5289032955159374
2022-03,2022,3,Temperature band,0 to 5 C,3239,2276,1.42311072056239
2022-03,2022,3,Temperature band,10 to 15 C,5302,3340,1.587425149700599
2022-03,2022,3,Temperature band,15 to 20 C,185,116,1.5948275862068966
2022-03,2022,3,Temperature band,5 to 10 C,17648,11587,1.5230862173125055
2022-03,2022,3,Temperature band,Below 0 C,164,100,1.64
2022-04,2022,4,Precipitation band,0.5 to 2 mm,1157,807,1.4337050805452292
2022-04,2022,4,Precipitation band,2 to 10 mm,301,204,1.4754901960784315
2022-04,2022,4,Precipitation band,No measured precipitation,19108,12633,1.5125465051848335
2022-04,2022,4,Precipitation band,Trace to 0.5 mm,5358,3531,1.5174171622769754
2022-04,2022,4,Temperature band,0 to 5 C,4470,3132,1.4272030651340997
2022-04,2022,4,Temperature band,10 to 15 C,7237,4583,1.5790966615753872
2022-04,2022,4,Temperature band,15 to 20 C,765,472,1.6207627118644068
2022-04,2022,4,Temperature band,5 to 10 C,13452,8988,1.4966622162883845
2022-05,2022,5,Precipitation band,0.5 to 2 mm,1971,1325,1.4875471698113207
2022-05,2022,5,Precipitation band,2 to 10 mm,428,286,1.4965034965034965
2022-05,2022,5,Precipitation band,No measured precipitation,18616,12464,1.493581514762516
2022-05,2022,5,Precipitation band,Trace to 0.5 mm,5696,3817,1.4922714173434635
2022-05,2022,5,Temperature band,0 to 5 C,103,78,1.3205128205128205
2022-05,2022,5,Temperature band,10 to 15 C,14803,9704,1.5254534212695796
2022-05,2022,5,Temperature band,15 to 20 C,2389,1503,1.5894876912840985
2022-05,2022,5,Temperature band,20 to 25 C,78,53,1.471698113207547
2022-05,2022,5,Temperature band,5 to 10 C,9338,6554,1.424778761061947
2022-06,2022,6,Precipitation band,0.5 to 2 mm,1316,862,1.5266821345707657
2022-06,2022,6,Precipitation band,2 to 10 mm,325,201,1.6169154228855722
2022-06,2022,6,Precipitation band,No measured precipitation,21089,13988,1.5076494137832428
2022-06,2022,6,Precipitation band,Trace to 0.5 mm,3960,2640,1.5
2022-06,2022,6,Temperature band,10 to 15 C,13596,9304,1.4613069647463457
2022-06,2022,6,Temperature band,15 to 20 C,10430,6674,1.5627809409649385
2022-06,2022,6,Temperature band,20 to 25 C,2013,1298,1.5508474576271187
2022-06,2022,6,Temperature band,25+ C,563,344,1.6366279069767442
2022-06,2022,6,Temperature band,5 to 10 C,88,71,1.2394366197183098
2022-07,2022,7,Precipitation band,0.5 to 2 mm,114,72,1.5833333333333333
2022-07,2022,7,Precipitation band,No measured precipitation,28343,18235,1.5543186180422266
2022-07,2022,7,Precipitation band,Trace to 0.5 mm,1168,771,1.5149156939040207
2022-07,2022,7,Temperature band,10 to 15 C,4274,2936,1.4557220708446867
2022-07,2022,7,Temperature band,15 to 20 C,13253,8576,1.5453591417910448
2022-07,2022,7,Temperature band,20 to 25 C,8846,5590,1.582468694096601
2022-07,2022,7,Temperature band,25+ C,3252,1976,1.645748987854251
2022-08,2022,8,Precipitation band,0.5 to 2 mm,96,64,1.5
2022-08,2022,8,Precipitation band,2 to 10 mm,74,49,1.510204081632653
2022-08,2022,8,Precipitation band,No measured precipitation,27899,18086,1.542574366913635
2022-08,2022,8,Precipitation band,Trace to 0.5 mm,986,647,1.5239567233384854
2022-08,2022,8,Temperature band,10 to 15 C,1081,804,1.3445273631840795
2022-08,2022,8,Temperature band,15 to 20 C,12306,8369,1.470426574262158
2022-08,2022,8,Temperature band,20 to 25 C,10697,6694,1.5979982073498655
2022-08,2022,8,Temperature band,25+ C,4971,2979,1.6686807653575024
2022-09,2022,9,Precipitation band,0.5 to 2 mm,183,115,1.5913043478260869
2022-09,2022,9,Precipitation band,No measured precipitation,26374,17113,1.5411675334540993
2022-09,2022,9,Precipitation band,Trace to 0.5 mm,1127,763,1.4770642201834863
2022-09,2022,9,Temperature band,10 to 15 C,5409,3858,1.4020217729393467
2022-09,2022,9,Temperature band,15 to 20 C,14492,9340,1.5516059957173447
2022-09,2022,9,Temperature band,20 to 25 C,7022,4328,1.6224584103512014
2022-09,2022,9,Temperature band,25+ C,663,413,1.6053268765133173
2022-09,2022,9,Temperature band,5 to 10 C,98,52,1.8846153846153846
2022-10,2022,10,Precipitation band,0.5 to 2 mm,1329,884,1.503393665158371
2022-10,2022,10,Precipitation band,2 to 10 mm,294,195,1.5076923076923077
2022-10,2022,10,Precipitation band,No measured precipitation,24453,15813,1.5463858850313033
2022-10,2022,10,Precipitation band,Trace to 0.5 mm,2335,1519,1.5371955233706385
2022-10,2022,10,Temperature band,10 to 15 C,15584,10334,1.5080317398877492
2022-10,2022,10,Temperature band,15 to 20 C,7235,4380,1.6518264840182648
2022-10,2022,10,Temperature band,20 to 25 C,1690,1072,1.5764925373134329
2022-10,2022,10,Temperature band,25+ C,263,155,1.696774193548387
2022-10,2022,10,Temperature band,5 to 10 C,3639,2470,1.4732793522267207
2022-11,2022,11,Precipitation band,0.5 to 2 mm,2152,1412,1.5240793201133145
2022-11,2022,11,Precipitation band,2 to 10 mm,563,375,1.5013333333333334
2022-11,2022,11,Precipitation band,No measured precipitation,19359,12927,1.497563239730796
2022-11,2022,11,Precipitation band,Trace to 0.5 mm,3298,2176,1.515625
2022-11,2022,11,Temperature band,0 to 5 C,10660,7331,1.454099031510026
2022-11,2022,11,Temperature band,10 to 15 C,1190,731,1.627906976744186
2022-11,2022,11,Temperature band,5 to 10 C,12940,8420,1.5368171021377672
2022-11,2022,11,Temperature band,Below 0 C,582,408,1.4264705882352942
2022-12,2022,12,Precipitation band,0.5 to 2 mm,2577,1765,1.460056657223796
2022-12,2022,12,Precipitation band,2 to 10 mm,625,435,1.4367816091954022
2022-12,2022,12,Precipitation band,No measured precipitation,16315,10855,1.5029940119760479
2022-12,2022,12,Precipitation band,Trace to 0.5 mm,6052,4153,1.4572598121839635
2022-12,2022,12,Temperature band,0 to 5 C,12144,8259,1.4703959317108608
2022-12,2022,12,Temperature band,10 to 15 C,554,333,1.6636636636636637
2022-12,2022,12,Temperature band,5 to 10 C,10037,6640,1.5115963855421686
2022-12,2022,12,Temperature band,Below 0 C,2834,1976,1.4342105263157894
2023-01,2023,1,Precipitation band,0.5 to 2 mm,2533,1660,1.5259036144578313
2023-01,2023,1,Precipitation band,2 to 10 mm,196,134,1.462686567164179
2023-01,2023,1,Precipitation band,No measured precipitation,19275,12463,1.5465778704966702
2023-01,2023,1,Precipitation band,Trace to 0.5 mm,5469,3650,1.4983561643835617
2023-01,2023,1,Temperature band,0 to 5 C,8393,5612,1.4955452601568069
2023-01,2023,1,Temperature band,10 to 15 C,1468,872,1.68348623853211
2023-01,2023,1,Temperature band,5 to 10 C,16875,10888,1.5498714180749449
2023-01,2023,1,Temperature band,Below 0 C,737,535,1.377570093457944
2023-02,2023,2,Precipitation band,0.5 to 2 mm,1098,738,1.4878048780487805
2023-02,2023,2,Precipitation band,2 to 10 mm,57,43,1.3255813953488371
2023-02,2023,2,Precipitation band,No measured precipitation,19047,12307,1.5476558056390672
2023-02,2023,2,Precipitation band,Trace to 0.5 mm,4811,3159,1.5229503007280785
2023-02,2023,2,Temperature band,0 to 5 C,9921,6540,1.5169724770642201
2023-02,2023,2,Temperature band,10 to 15 C,522,307,1.700325732899023
2023-02,2023,2,Temperature band,5 to 10 C,12709,8139,1.5614940410369824
2023-02,2023,2,Temperature band,Below 0 C,1861,1261,1.4758128469468677
2023-03,2023,3,Precipitation band,0.5 to 2 mm,1480,986,1.5010141987829615
2023-03,2023,3,Precipitation band,2 to 10 mm,162,116,1.396551724137931
2023-03,2023,3,Precipitation band,No measured precipitation,21809,14142,1.5421439683213125
2023-03,2023,3,Precipitation band,Trace to 0.5 mm,4446,2846,1.5621925509487
2023-03,2023,3,Temperature band,0 to 5 C,8930,5987,1.4915650576248538
2023-03,2023,3,Temperature band,10 to 15 C,3905,2361,1.653960186361711
2023-03,2023,3,Temperature band,15 to 20 C,191,114,1.6754385964912282
2023-03,2023,3,Temperature band,5 to 10 C,14565,9396,1.5501277139208174
2023-03,2023,3,Temperature band,Below 0 C,306,232,1.3189655172413792
2023-04,2023,4,Precipitation band,0.5 to 2 mm,3130,2061,1.5186802523047065
2023-04,2023,4,Precipitation band,2 to 10 mm,106,74,1.4324324324324325
2023-04,2023,4,Precipitation band,No measured precipitation,18197,11744,1.5494720708446867
2023-04,2023,4,Precipitation band,Trace to 0.5 mm,6045,3920,1.5420918367346939
2023-04,2023,4,Temperature band,0 to 5 C,3973,2762,1.4384503982621288
2023-04,2023,4,Temperature band,10 to 15 C,6803,4226,1.6097964978703265
2023-04,2023,4,Temperature band,15 to 20 C,1314,800,1.6425
2023-04,2023,4,Temperature band,20 to 25 C,362,207,1.748792270531401
2023-04,2023,4,Temperature band,5 to 10 C,15026,9804,1.532639738882089
2023-05,2023,5,Precipitation band,0.5 to 2 mm,506,315,1.6063492063492064
2023-05,2023,5,Precipitation band,No measured precipitation,28462,17893,1.5906779187391717
2023-05,2023,5,Precipitation band,Trace to 0.5 mm,1776,1213,1.4641384995877988
2023-05,2023,5,Temperature band,10 to 15 C,12760,8408,1.5176022835394862
2023-05,2023,5,Temperature band,15 to 20 C,9743,5837,1.6691793729655644
2023-05,2023,5,Temperature band,20 to 25 C,4546,2662,1.7077385424492864
2023-05,2023,5,Temperature band,25+ C,996,585,1.7025641025641025
2023-05,2023,5,Temperature band,5 to 10 C,2699,1929,1.39917055469155
2023-06,2023,6,Precipitation band,0.5 to 2 mm,705,463,1.5226781857451404
2023-06,2023,6,Precipitation band,No measured precipitation,26473,16736,1.5817997131931167
2023-06,2023,6,Precipitation band,Trace to 0.5 mm,2791,1782,1.5662177328843996
2023-06,2023,6,Temperature band,10 to 15 C,11499,7640,1.5051047120418848
2023-06,2023,6,Temperature band,15 to 20 C,11273,6980,1.6150429799426933
2023-06,2023,6,Temperature band,20 to 25 C,6125,3632,1.686398678414097
2023-06,2023,6,Temperature band,25+ C,616,383,1.608355091383812
2023-06,2023,6,Temperature band,5 to 10 C,456,346,1.3179190751445087
2023-07,2023,7,Precipitation band,0.5 to 2 mm,62,35,1.7714285714285714
2023-07,2023,7,Precipitation band,2 to 10 mm,41,28,1.4642857142857142
2023-07,2023,7,Precipitation band,No measured precipitation,29941,19218,1.5579664897491934
2023-07,2023,7,Precipitation band,Trace to 0.5 mm,594,362,1.6408839779005524
2023-07,2023,7,Temperature band,10 to 15 C,2835,2048,1.38427734375
2023-07,2023,7,Temperature band,15 to 20 C,12486,8232,1.5167638483965014
2023-07,2023,7,Temperature band,20 to 25 C,11900,7267,1.6375395624053943
2023-07,2023,7,Temperature band,25+ C,3417,2096,1.6302480916030535
2023-08,2023,8,Precipitation band,0.5 to 2 mm,197,115,1.7130434782608697
2023-08,2023,8,Precipitation band,2 to 10 mm,163,104,1.5673076923076923
2023-08,2023,8,Precipitation band,No measured precipitation,27922,17892,1.5605857366420746
2023-08,2023,8,Precipitation band,Trace to 0.5 mm,2341,1472,1.5903532608695652
2023-08,2023,8,Temperature band,10 to 15 C,1085,783,1.3856960408684547
2023-08,2023,8,Temperature band,15 to 20 C,13163,8695,1.5138585393904542
2023-08,2023,8,Temperature band,20 to 25 C,11616,7178,1.6182780718863192
2023-08,2023,8,Temperature band,25+ C,4759,2927,1.6258968226853434
2023-09,2023,9,Precipitation band,0.5 to 2 mm,1266,856,1.4789719626168225
2023-09,2023,9,Precipitation band,2 to 10 mm,454,281,1.6156583629893237
2023-09,2023,9,Precipitation band,No measured precipitation,23931,15461,1.5478300239311817
2023-09,2023,9,Precipitation band,Trace to 0.5 mm,2605,1738,1.498849252013809
2023-09,2023,9,Temperature band,10 to 15 C,11568,7905,1.4633776091081594
2023-09,2023,9,Temperature band,15 to 20 C,12322,7708,1.5985988583290087
2023-09,2023,9,Temperature band,20 to 25 C,3660,2235,1.6375838926174497
2023-09,2023,9,Temperature band,25+ C,333,220,1.5136363636363637
2023-09,2023,9,Temperature band,5 to 10 C,373,268,1.3917910447761195
2023-10,2023,10,Precipitation band,0.5 to 2 mm,1617,1005,1.608955223880597
2023-10,2023,10,Precipitation band,2 to 10 mm,351,229,1.5327510917030567
2023-10,2023,10,Precipitation band,No measured precipitation,23260,15214,1.528855001971868
2023-10,2023,10,Precipitation band,Trace to 0.5 mm,3272,2039,1.6047081902893576
2023-10,2023,10,Temperature band,0 to 5 C,1734,1173,1.4782608695652173
2023-10,2023,10,Temperature band,10 to 15 C,15821,10308,1.5348273185875048
2023-10,2023,10,Temperature band,15 to 20 C,5186,3198,1.6216385240775484
2023-10,2023,10,Temperature band,20 to 25 C,703,427,1.6463700234192038
2023-10,2023,10,Temperature band,5 to 10 C,5056,3381,1.4954155575273587
2023-11,2023,11,Precipitation band,0.5 to 2 mm,1842,1283,1.4356975837879968
2023-11,2023,11,Precipitation band,2 to 10 mm,594,433,1.371824480369515
2023-11,2023,11,Precipitation band,No measured precipitation,21399,14148,1.5125106022052588
2023-11,2023,11,Precipitation band,Trace to 0.5 mm,2696,1779,1.5154581225407533
2023-11,2023,11,Temperature band,0 to 5 C,6416,4379,1.4651746974195021
2023-11,2023,11,Temperature band,10 to 15 C,6301,4164,1.5132084534101826
2023-11,2023,11,Temperature band,15 to 20 C,505,321,1.573208722741433
2023-11,2023,11,Temperature band,5 to 10 C,13092,8617,1.5193222699315307
2023-11,2023,11,Temperature band,Below 0 C,217,162,1.3395061728395061
2023-12,2023,12,Precipitation band,0.5 to 2 mm,3367,2325,1.4481720430107528
2023-12,2023,12,Precipitation band,2 to 10 mm,1230,779,1.5789473684210527
2023-12,2023,12,Precipitation band,No measured precipitation,18460,12291,1.5019119681067448
2023-12,2023,12,Precipitation band,Trace to 0.5 mm,3545,2349,1.5091528309919116
2023-12,2023,12,Temperature band,0 to 5 C,5124,3524,1.4540295119182747
2023-12,2023,12,Temperature band,10 to 15 C,3764,2476,1.5201938610662358
2023-12,2023,12,Temperature band,5 to 10 C,17582,11646,1.509702902284046
2023-12,2023,12,Temperature band,Below 0 C,132,98,1.346938775510204
2024-01,2024,1,Precipitation band,0.5 to 2 mm,4270,2877,1.4841849148418491
2024-01,2024,1,Precipitation band,2 to 10 mm,853,593,1.4384485666104554
2024-01,2024,1,Precipitation band,No measured precipitation,16257,10876,1.494759102611254
2024-01,2024,1,Precipitation band,Trace to 0.5 mm,5141,3407,1.5089521573231581
2024-01,2024,1,Temperature band,0 to 5 C,7515,5115,1.469208211143695
2024-01,2024,1,Temperature band,10 to 15 C,3941,2575,1.530485436893204
2024-01,2024,1,Temperature band,15 to 20 C,237,149,1.5906040268456376
2024-01,2024,1,Temperature band,5 to 10 C,11171,7378,1.514095960965031
2024-01,2024,1,Temperature band,Below 0 C,3657,2536,1.4420347003154574
2024-02,2024,2,Precipitation band,0.5 to 2 mm,1275,868,1.4688940092165899
2024-02,2024,2,Precipitation band,2 to 10 mm,336,233,1.44206008583691
2024-02,2024,2,Precipitation band,No measured precipitation,17946,11736,1.5291411042944785
2024-02,2024,2,Precipitation band,Trace to 0.5 mm,5610,3708,1.5129449838187703
2024-02,2024,2,Temperature band,0 to 5 C,6867,4731,1.4514901712111605
2024-02,2024,2,Temperature band,10 to 15 C,1315,779,1.6880616174582799
2024-02,2024,2,Temperature band,5 to 10 C,16562,10732,1.5432351844949683
2024-02,2024,2,Temperature band,Below 0 C,423,303,1.396039603960396
2024-03,2024,3,Precipitation band,0.5 to 2 mm,1825,1217,1.4995891536565324
2024-03,2024,3,Precipitation band,2 to 10 mm,82,56,1.4642857142857142
2024-03,2024,3,Precipitation band,No measured precipitation,20622,13559,1.5209086215797625
2024-03,2024,3,Precipitation band,Trace to 0.5 mm,4564,2963,1.5403307458656768
2024-03,2024,3,Temperature band,0 to 5 C,5485,3722,1.4736700698549168
2024-03,2024,3,Temperature band,10 to 15 C,6139,3836,1.6003649635036497
2024-03,2024,3,Temperature band,15 to 20 C,824,511,1.6125244618395302
2024-03,2024,3,Temperature band,5 to 10 C,14053,9333,1.5057323475838422
2024-03,2024,3,Temperature band,Below 0 C,592,393,1.5063613231552162
2024-04,2024,4,Precipitation band,0.5 to 2 mm,958,620,1.5451612903225806
2024-04,2024,4,Precipitation band,No measured precipitation,22512,14653,1.5363406810891969
2024-04,2024,4,Precipitation band,Trace to 0.5 mm,3452,2321,1.4872899612236106
2024-04,2024,4,Temperature band,0 to 5 C,483,338,1.4289940828402368
2024-04,2024,4,Temperature band,10 to 15 C,10325,6469,1.5960735816973257
2024-04,2024,4,Temperature band,15 to 20 C,1622,997,1.6268806419257773
2024-04,2024,4,Temperature band,20 to 25 C,164,98,1.6734693877551021
2024-04,2024,4,Temperature band,5 to 10 C,14328,9692,1.478332645480809
2024-05,2024,5,Precipitation band,0.5 to 2 mm,1138,718,1.584958217270195
2024-05,2024,5,Precipitation band,2 to 10 mm,42,34,1.2352941176470589
2024-05,2024,5,Precipitation band,No measured precipitation,23096,15077,1.5318697353584931
2024-05,2024,5,Precipitation band,Trace to 0.5 mm,3279,2156,1.5208719851576995
2024-05,2024,5,Temperature band,0 to 5 C,87,73,1.1917808219178083
2024-05,2024,5,Temperature band,10 to 15 C,15677,10110,1.550642927794263
2024-05,2024,5,Temperature band,15 to 20 C,5620,3432,1.6375291375291374
2024-05,2024,5,Temperature band,20 to 25 C,1142,756,1.5105820105820107
2024-05,2024,5,Temperature band,5 to 10 C,5029,3614,1.3915329275041506
2024-06,2024,6,Precipitation band,0.5 to 2 mm,775,527,1.4705882352941178
2024-06,2024,6,Precipitation band,2 to 10 mm,285,195,1.4615384615384615
2024-06,2024,6,Precipitation band,No measured precipitation,23978,15396,1.5574175110418291
2024-06,2024,6,Precipitation band,Trace to 0.5 mm,2671,1759,1.5184764070494599
2024-06,2024,6,Temperature band,10 to 15 C,11720,7908,1.4820435002529084
2024-06,2024,6,Temperature band,15 to 20 C,11429,7140,1.600700280112045
2024-06,2024,6,Temperature band,20 to 25 C,3528,2120,1.6641509433962265
2024-06,2024,6,Temperature band,25+ C,332,201,1.6517412935323383
2024-06,2024,6,Temperature band,5 to 10 C,700,508,1.3779527559055118
2024-07,2024,7,Precipitation band,0.5 to 2 mm,444,270,1.6444444444444444
2024-07,2024,7,Precipitation band,2 to 10 mm,26,16,1.625
2024-07,2024,7,Precipitation band,No measured precipitation,29028,18256,1.5900525854513585
2024-07,2024,7,Precipitation band,Trace to 0.5 mm,998,636,1.569182389937107
2024-07,2024,7,Temperature band,10 to 15 C,2046,1467,1.394683026584867
2024-07,2024,7,Temperature band,15 to 20 C,12591,8067,1.5608032725920415
2024-07,2024,7,Temperature band,20 to 25 C,9903,5970,1.6587939698492462
2024-07,2024,7,Temperature band,25+ C,5956,3674,1.6211213935764834
2024-08,2024,8,Precipitation band,0.5 to 2 mm,894,581,1.5387263339070567
2024-08,2024,8,Precipitation band,2 to 10 mm,153,96,1.59375
2024-08,2024,8,Precipitation band,No measured precipitation,26226,16738,1.566853865455849
2024-08,2024,8,Precipitation band,Trace to 0.5 mm,1974,1248,1.5817307692307692
2024-08,2024,8,Temperature band,10 to 15 C,3830,2628,1.4573820395738204
2024-08,2024,8,Temperature band,15 to 20 C,13587,8901,1.5264577013818672
2024-08,2024,8,Temperature band,20 to 25 C,9098,5499,1.6544826332060374
2024-08,2024,8,Temperature band,25+ C,2732,1635,1.6709480122324158
2024-09,2024,9,Precipitation band,0.5 to 2 mm,384,255,1.5058823529411764
2024-09,2024,9,Precipitation band,2 to 10 mm,249,157,1.585987261146497
2024-09,2024,9,Precipitation band,No measured precipitation,24545,15850,1.5485804416403786
2024-09,2024,9,Precipitation band,Trace to 0.5 mm,2427,1574,1.5419313850063532
2024-09,2024,9,Temperature band,10 to 15 C,9226,6156,1.4987004548408056
2024-09,2024,9,Temperature band,15 to 20 C,13881,8918,1.5565149136577707
2024-09,2024,9,Temperature band,20 to 25 C,3094,1917,1.613980177360459
2024-09,2024,9,Temperature band,25+ C,1129,672,1.6800595238095237
2024-09,2024,9,Temperature band,5 to 10 C,275,173,1.5895953757225434
2024-10,2024,10,Precipitation band,0.5 to 2 mm,1577,1015,1.553694581280788
2024-10,2024,10,Precipitation band,2 to 10 mm,624,414,1.5072463768115942
2024-10,2024,10,Precipitation band,No measured precipitation,20554,13510,1.5213915618060696
2024-10,2024,10,Precipitation band,Trace to 0.5 mm,4070,2645,1.5387523629489603
2024-10,2024,10,Temperature band,10 to 15 C,15510,10191,1.521931115690315
2024-10,2024,10,Temperature band,15 to 20 C,4227,2762,1.5304127443881246
2024-10,2024,10,Temperature band,20 to 25 C,178,115,1.5478260869565217
2024-10,2024,10,Temperature band,5 to 10 C,6910,4516,1.5301151461470328
2024-11,2024,11,Precipitation band,0.5 to 2 mm,3127,1991,1.5705675539929684
2024-11,2024,11,Precipitation band,2 to 10 mm,377,254,1.484251968503937
2024-11,2024,11,Precipitation band,No measured precipitation,16644,10772,1.54511696992202
2024-11,2024,11,Precipitation band,Trace to 0.5 mm,5171,3353,1.542201014017298
2024-11,2024,11,Temperature band,0 to 5 C,2336,1611,1.4500310366232154
2024-11,2024,11,Temperature band,10 to 15 C,5265,3326,1.5829825616355984
2024-11,2024,11,Temperature band,5 to 10 C,17718,11433,1.5497244817633167
2024-12,2024,12,Precipitation band,0.5 to 2 mm,2796,1863,1.500805152979066
2024-12,2024,12,Precipitation band,2 to 10 mm,859,597,1.4388609715242882
2024-12,2024,12,Precipitation band,No measured precipitation,17713,11720,1.5113481228668941
2024-12,2024,12,Precipitation band,Trace to 0.5 mm,4039,2699,1.4964801778436458
2024-12,2024,12,Temperature band,0 to 5 C,5457,3705,1.4728744939271254
2024-12,2024,12,Temperature band,10 to 15 C,2607,1668,1.5629496402877698
2024-12,2024,12,Temperature band,5 to 10 C,17343,11506,1.507300538849296
2025-01,2025,1,Precipitation band,0.5 to 2 mm,1215,769,1.5799739921976592
2025-01,2025,1,Precipitation band,2 to 10 mm,47,29,1.6206896551724137
2025-01,2025,1,Precipitation band,No measured precipitation,23573,15158,1.5551523947750363
2025-01,2025,1,Precipitation band,Trace to 0.5 mm,2083,1341,1.5533184190902312
2025-01,2025,1,Temperature band,0 to 5 C,13784,9019,1.528329083046901
2025-01,2025,1,Temperature band,5 to 10 C,11699,7391,1.5828710593965634
2025-01,2025,1,Temperature band,Below 0 C,1435,887,1.6178128523111612
2025-02,2025,2,Precipitation band,0.5 to 2 mm,1902,1276,1.4905956112852665
2025-02,2025,2,Precipitation band,2 to 10 mm,562,356,1.5786516853932584
2025-02,2025,2,Precipitation band,No measured precipitation,17004,11228,1.5144282151763448
2025-02,2025,2,Precipitation band,Trace to 0.5 mm,3834,2564,1.4953198127925118
2025-02,2025,2,Temperature band,0 to 5 C,9929,6625,1.4987169811320755
2025-02,2025,2,Temperature band,10 to 15 C,2693,1693,1.5906674542232724
2025-02,2025,2,Temperature band,15 to 20 C,236,150,1.5733333333333333
2025-02,2025,2,Temperature band,5 to 10 C,8271,5457,1.5156679494227598
2025-02,2025,2,Temperature band,Below 0 C,2173,1499,1.4496330887258173
2025-03,2025,3,Precipitation band,0.5 to 2 mm,2456,1672,1.4688995215311005
2025-03,2025,3,Precipitation band,2 to 10 mm,365,236,1.5466101694915255
2025-03,2025,3,Precipitation band,No measured precipitation,18872,12138,1.5547866205305652
2025-03,2025,3,Precipitation band,Trace to 0.5 mm,5613,3649,1.538229651959441
2025-03,2025,3,Temperature band,0 to 5 C,2406,1624,1.4815270935960592
2025-03,2025,3,Temperature band,10 to 15 C,6848,4340,1.5778801843317973
2025-03,2025,3,Temperature band,15 to 20 C,1264,748,1.6898395721925135
2025-03,2025,3,Temperature band,20 to 25 C,100,61,1.639344262295082
2025-03,2025,3,Temperature band,5 to 10 C,16688,10922,1.5279252884087164
2025-04,2025,4,Precipitation band,0.5 to 2 mm,1268,841,1.507728894173603
2025-04,2025,4,Precipitation band,2 to 10 mm,161,92,1.75
2025-04,2025,4,Precipitation band,No measured precipitation,22840,14654,1.558618807151631
2025-04,2025,4,Precipitation band,Trace to 0.5 mm,2710,1853,1.462493254182407
2025-04,2025,4,Temperature band,0 to 5 C,64,43,1.4883720930232558
2025-04,2025,4,Temperature band,10 to 15 C,13570,8504,1.595719661335842
2025-04,2025,4,Temperature band,15 to 20 C,3592,2183,1.6454420522217132
2025-04,2025,4,Temperature band,20 to 25 C,45,29,1.5517241379310345
2025-04,2025,4,Temperature band,5 to 10 C,9708,6681,1.453075886843287
2025-05,2025,5,Precipitation band,0.5 to 2 mm,930,585,1.5897435897435896
2025-05,2025,5,Precipitation band,2 to 10 mm,62,46,1.3478260869565217
2025-05,2025,5,Precipitation band,No measured precipitation,24659,15494,1.591519297792694
2025-05,2025,5,Precipitation band,Trace to 0.5 mm,3515,2325,1.5118279569892472
2025-05,2025,5,Temperature band,10 to 15 C,15730,10085,1.5597421913733267
2025-05,2025,5,Temperature band,15 to 20 C,8029,4824,1.6643864013266998
2025-05,2025,5,Temperature band,20 to 25 C,1942,1140,1.7035087719298245
2025-05,2025,5,Temperature band,25+ C,393,223,1.7623318385650224
2025-05,2025,5,Temperature band,5 to 10 C,3072,2178,1.4104683195592287
2025-06,2025,6,Precipitation band,0.5 to 2 mm,132,93,1.4193548387096775
2025-06,2025,6,Precipitation band,2 to 10 mm,47,30,1.5666666666666667
2025-06,2025,6,Precipitation band,No measured precipitation,28573,17607,1.6228204691315953
2025-06,2025,6,Precipitation band,Trace to 0.5 mm,1142,677,1.68685376661743
2025-06,2025,6,Temperature band,10 to 15 C,7980,5295,1.5070821529745042
2025-06,2025,6,Temperature band,15 to 20 C,12915,7803,1.6551326412918108
2025-06,2025,6,Temperature band,20 to 25 C,7296,4303,1.695561236346735
2025-06,2025,6,Temperature band,25+ C,1680,989,1.698685540950455
2025-06,2025,6,Temperature band,5 to 10 C,23,17,1.3529411764705883
2025-07,2025,7,Precipitation band,0.5 to 2 mm,54,27,2.0
2025-07,2025,7,Precipitation band,No measured precipitation,30720,18831,1.6313525569539589
2025-07,2025,7,Precipitation band,Trace to 0.5 mm,706,425,1.6611764705882353
2025-07,2025,7,Temperature band,10 to 15 C,2642,1928,1.370331950207469
2025-07,2025,7,Temperature band,15 to 20 C,12088,7530,1.60531208499336
2025-07,2025,7,Temperature band,20 to 25 C,10618,6245,1.700240192153723
2025-07,2025,7,Temperature band,25+ C,6132,3580,1.7128491620111732
2025-08,2025,8,Precipitation band,0.5 to 2 mm,951,604,1.5745033112582782
2025-08,2025,8,Precipitation band,2 to 10 mm,127,80,1.5875
2025-08,2025,8,Precipitation band,No measured precipitation,28570,17887,1.597249399004864
2025-08,2025,8,Precipitation band,Trace to 0.5 mm,1177,745,1.5798657718120805
2025-08,2025,8,Temperature band,10 to 15 C,992,740,1.3405405405405406
2025-08,2025,8,Temperature band,15 to 20 C,13335,8680,1.5362903225806452
2025-08,2025,8,Temperature band,20 to 25 C,10999,6694,1.6431132357334928
2025-08,2025,8,Temperature band,25+ C,5499,3202,1.71736414740787
2025-09,2025,9,Precipitation band,0.5 to 2 mm,632,413,1.5302663438256658
2025-09,2025,9,Precipitation band,2 to 10 mm,64,57,1.1228070175438596
2025-09,2025,9,Precipitation band,No measured precipitation,27838,17222,1.6164208570433167
2025-09,2025,9,Precipitation band,Trace to 0.5 mm,990,628,1.5764331210191083
2025-09,2025,9,Temperature band,10 to 15 C,5770,3877,1.488264121743616
2025-09,2025,9,Temperature band,15 to 20 C,16436,10165,1.6169208066896212
2025-09,2025,9,Temperature band,20 to 25 C,6879,4027,1.7082195182518003
2025-09,2025,9,Temperature band,25+ C,439,251,1.749003984063745
2025-10,2025,10,Precipitation band,0.5 to 2 mm,1757,1096,1.6031021897810218
2025-10,2025,10,Precipitation band,2 to 10 mm,530,331,1.6012084592145015
2025-10,2025,10,Precipitation band,No measured precipitation,23171,14543,1.5932751151756859
2025-10,2025,10,Precipitation band,Trace to 0.5 mm,3834,2403,1.595505617977528
2025-10,2025,10,Temperature band,0 to 5 C,143,84,1.7023809523809523
2025-10,2025,10,Temperature band,10 to 15 C,17947,11269,1.5925991658532257
2025-10,2025,10,Temperature band,15 to 20 C,3695,2153,1.7162099396191361
2025-10,2025,10,Temperature band,20 to 25 C,159,98,1.6224489795918366
2025-10,2025,10,Temperature band,5 to 10 C,7348,4769,1.5407842314950724
2025-11,2025,11,Precipitation band,0.5 to 2 mm,3416,2179,1.567691601652134
2025-11,2025,11,Precipitation band,2 to 10 mm,723,434,1.6658986175115207
2025-11,2025,11,Precipitation band,No measured precipitation,18226,11580,1.5739205526770295
2025-11,2025,11,Precipitation band,Trace to 0.5 mm,5111,3201,1.5966885348328648
2025-11,2025,11,Temperature band,0 to 5 C,1035,706,1.4660056657223797
2025-11,2025,11,Temperature band,10 to 15 C,11860,7415,1.5994605529332435
2025-11,2025,11,Temperature band,15 to 20 C,116,69,1.681159420289855
2025-11,2025,11,Temperature band,5 to 10 C,14465,9204,1.5715993046501522
2025-12,2025,12,Precipitation band,0.5 to 2 mm,3534,2266,1.559576345984113
2025-12,2025,12,Precipitation band,2 to 10 mm,1275,793,1.6078184110970997
2025-12,2025,12,Precipitation band,No measured precipitation,17839,11598,1.5381100189687877
2025-12,2025,12,Precipitation band,Trace to 0.5 mm,4301,2779,1.5476790212306586
2025-12,2025,12,Temperature band,0 to 5 C,4561,3070,1.4856677524429966
2025-12,2025,12,Temperature band,10 to 15 C,7216,4525,1.594696132596685
2025-12,2025,12,Temperature band,5 to 10 C,15143,9822,1.5417430258603135
2025-12,2025,12,Temperature band,Below 0 C,29,19,1.5263157894736843
